Date,Open,High,Low,Close,Volume,5d_return,Ground_Truth_Regime,SBERT_News_Sentiment,SMA_20,SMA_30,SMA_60,MACD,Bollinger_Upper,Bollinger_Lower,RSI_30,CCI_30,DX_30
2025-01-02,478.39927134802673,479.02180520997854,476.91517700105584,477.3861833007668,88641341,,0.5,0.5402198093429935,,,,0.0,,,,,0.0
2025-01-03,477.4066722527495,477.87178606961544,476.7379728599355,476.9142748317248,52382318,,0.5,0.7101308792015224,,,,-0.03764512003749587,,,0.0,,99.99999648845512
2025-01-06,479.2650447756969,480.5630252041905,478.4422830157926,479.9943337502251,49986298,,0.5,0.7211051865915967,,,,0.17899255001333358,,,18.371515669032334,,88.03177944033375
2025-01-07,486.8707500438267,487.948334921524,486.1888292513248,487.1066236681257,40100734,,0.5,0.7374060611120761,,,,0.9140452758399533,,,43.26834828915354,,96.73797393923779
2025-01-08,486.8003436641581,486.8475843544754,485.62465898609145,486.18439123833775,48546310,,0.5,0.6277460444058369,,,,1.405956416765548,,,41.567707333146046,,86.04306703339111
2025-01-09,484.9205736379537,486.07044046103687,484.80224349933906,485.263980139463,59628490,0.0165019372454962,1.0,0.7713990174539033,,,,1.7019114803524076,,,39.94668938472644,,71.9473058438377
2025-01-10,492.9345327379224,493.2011677560056,490.1930673797945,492.7158558685323,58003027,0.0331329588370634,1.0,1.0,,,,2.5088417281556303,,,54.731990245615236,,83.29779622906877
2025-01-13,496.8439643098646,496.89388531278087,496.3640102818227,496.4593899602566,66312911,0.0343026053690862,1.0,0.7707309213962624,,,,3.411090747533194,,,59.866926725666886,,86.2731941742753
2025-01-14,493.9605578149779,494.6551305494445,492.82516642831,494.418849712499,43081091,0.0150115512478747,1.0,1.0,,,,3.916330036426359,,,56.26785373597594,,58.313752743734305
2025-01-15,497.0882996318539,498.0202230180988,496.3892180848398,497.11789075130554,56002437,0.0224883803552795,1.0,0.8491448299961284,,,,4.482850359464749,,,59.59184795196115,,63.67690185878154
2025-01-16,493.4982169464372,495.67410046603845,493.4636834310894,495.10297805919134,60606265,0.0202755578868654,1.0,0.9871723306814014,,,,4.714884923620048,,,56.287818670848324,,46.70244365968406
2025-01-17,492.580349021143,493.83040453179,490.8358258308466,493.0854596721527,51091989,0.0007501358018384,0.5,0.5657524820606962,,,,4.682005865532176,,,53.23075698360006,,33.807787862340994
2025-01-20,494.24616067453735,494.8663009349497,493.62640855217535,494.3710230499314,92200318,-0.0042065211224877,0.5,0.5642714430900546,,,,4.705441791861233,,,54.84724785894391,,36.09824895427748
2025-01-21,485.06184249660936,486.6173849820101,483.3035432226647,485.6678506726998,52681730,-0.0176995659548333,0.0,0.0843841508470569,,,,3.9759098431733833,,,44.158346488067004,,0.31443372436657346
2025-01-22,478.7480917662865,478.8432020696365,477.2912862981789,477.9678516423496,80819838,-0.0385221281817358,0.0,0.3227422538117294,,,,2.7447847773282206,,,37.47418716779718,,13.40367098020433
2025-01-23,474.90588702309975,476.30074075745546,474.37164945684555,475.5860423009749,86289704,-0.0394199522586655,0.0,0.0907068603027959,,,,1.558946618424443,,,35.742921875489515,,18.970266415839657
2025-01-24,470.9984397101913,472.77905809343537,470.4027135934797,471.2057912207177,73283771,-0.0443729743440064,0.0,0.0,,,,0.26268362577644666,,,32.855227984360226,,25.687926992173015
2025-01-27,472.8189157219856,473.3327376760007,471.8375431285055,472.75710718487613,95145321,-0.0437200298102267,0.0,0.1928174336576715,,,,-0.6321488827273924,,,34.78554865048224,,24.20195791371295
2025-01-28,469.54278157937097,470.165041985203,468.28392370988234,468.8670160729809,44755469,-0.0345932607572192,0.0,0.2378940977849281,,,,-1.636345166034289,,,32.37141293671186,,29.718805730410548
2025-01-29,462.13392551607376,463.3265846277985,460.68261728858306,462.7984402800968,55053770,-0.0317373047373982,0.0,0.0,483.5485666688604,,,-2.888563739954577,504.1996772047819,462.89745613293894,29.111016177336012,,39.46780467891032
2025-01-30,469.9473430507527,470.66472627610534,468.718714064971,469.4013524124141,66098641,-0.0130043553394422,0.0,0.1194800139699716,483.1493251244427,,,-3.3100005295938217,504.59549060905823,461.7031596398272,36.32909789570475,,22.498200674715243
2025-01-31,468.55452284575085,470.2458941886903,468.3177785689937,468.549728147792,97883637,-0.0056367369043678,0.5,0.6402345484621796,482.73109779024617,,,-3.6704010835591703,504.9996957615491,460.46249981894323,35.84216065373022,,23.027552860205493
2025-02-03,468.53733574713567,470.5242882018564,468.4675860660135,468.997661008737,94667350,-0.0079521727309939,0.5,0.4404872993280015,482.18126415317164,,,-3.8752057214502997,505.26258825998326,459.09994004636,36.30667640293958,,22.42690706102008
2025-02-04,463.0868573526514,463.13139236632225,462.29837748406726,462.8729621486999,81528843,-0.0127841236828396,0.0,0.275141362662324,480.96958107720036,,,-4.4800832730608136,505.4633550418544,456.4758071125463,32.933890150979664,,30.235024289695264
2025-02-05,460.7359966575749,460.9753236689449,460.48058703655784,460.64430094326144,54150540,-0.0046545950663352,0.5,0.4699888825934946,479.6925765624466,,,-5.080720046146098,505.66035631996965,453.7247968049236,31.821132654852306,,32.311782400163686
2025-02-06,460.9969131091513,462.1080525066296,459.7657338545452,461.2737774153468,85221400,-0.0173147668946773,0.0,0.0251152906943085,478.4930664262408,,,-5.443189821631734,505.5698837163073,451.41624913617426,32.48763172000805,,29.82064530616636
2025-02-07,456.4609421095518,457.043927140267,456.08201569541336,456.4290824079496,93294380,-0.0258684297774668,0.0,0.0,476.67872775321166,,,-6.051616856330156,504.5927944541987,448.7646610522246,30.14163818336654,,34.001063603518595
2025-02-10,458.02117759173024,459.7203368392937,457.461855187579,458.197727406151,67346162,-0.0230276918212281,0.0,0.0031158095162935,474.7656446255064,,,-6.318251919484339,502.21225060645025,447.31903864456257,31.996192146745244,,28.25875098032885
2025-02-11,455.80098564056806,455.86122411527685,455.2390020417631,455.74925019558555,41992825,-0.0153902097025616,0.0,0.0,472.8321646496606,,,-6.650471282975218,499.8948977943206,445.7694315050006,30.82428619808067,,30.806322775003622
2025-02-12,454.9401597947285,456.0420396015964,453.6563988653731,454.6391292813937,43832978,-0.013036461429287,0.0,0.0,470.7082265761652,476.2575434914846,,-6.923524916665997,496.37748949715035,445.03896365518005,30.303705955806578,-122.82884386709777,32.569905297603086
2025-02-13,452.92230991187864,453.5127721431381,451.4508973000469,452.2051050109844,70559798,-0.0196600649080396,0.0,0.3189010126449945,468.56333292375473,475.41817421515856,,-7.252722435668147,492.7776295356452,444.34903631186427,29.18570365374873,-124.3090126294994,34.95975260362115
2025-02-14,459.76574549414386,460.37919456742327,459.3435149512588,460.33555597999697,46152941,0.0085587744572239,0.5,0.3306077303363344,466.9258377391469,474.86555025343426,,-6.779405628974644,488.43623456692535,445.4154409113685,37.19270712656677,-77.35725859062273,21.132855144984163
2025-02-17,461.405090447578,462.19908866084035,460.358381023668,460.4229928373967,77670243,0.0048565614758564,0.5,0.3017215301087386,465.22843622852025,474.21317222300667,,-6.324340169248671,482.57467454560816,447.88219791143234,37.271614274441134,-67.85728146514069,17.823145200971467
2025-02-18,455.0988519867375,456.3396886988927,453.5870491586616,455.9889825162241,82537644,0.000526018025341,0.5,0.069321977279257,463.74449282069645,473.1759175179433,,-6.249445374066909,478.6320927768309,448.856892864562,34.96704075523701,-91.7656862574926,25.643038970499646
2025-02-19,459.62301948477153,460.6179651052941,459.2280946385648,459.6927939991959,83992967,0.0111157715918337,1.0,0.8722076504620995,462.8307399385388,472.2928642766385,,-5.8240876199516265,476.20948541299333,449.45199446408424,38.265533222566035,-64.86041720569398,18.28600598721257
2025-02-20,454.8320107391913,455.3567885171799,454.37576764016256,454.5645825738046,93505756,0.0052177154496362,0.5,0.2353820413185002,461.7796669521802,471.2695510244499,,-5.833546842314718,474.2083517325113,449.3509821718491,35.67390368808661,-86.86301526398096,23.539020555342283
2025-02-21,455.73522209731914,456.4969307579131,455.3597336319022,455.6072001791872,76286070,-0.0102715415730676,0.0,0.3284030320272738,460.99973740010375,470.0325958348051,,-5.691306972884206,472.8836026291551,449.1158721710524,36.57732861794978,-78.02279814680352,21.638315212447182
2025-02-24,447.1117037273343,448.4011332106685,445.97000526540137,447.39029344823695,90596148,-0.0283059264891282,0.0,0.2019634178685268,459.7313967132718,468.39695928440443,,-6.17048701984055,471.7457053683396,447.717088058204,32.81945011701126,-120.4059306551079,30.71943329356059
2025-02-25,441.8588518004856,442.4191263961378,440.9035029971333,441.9508316021059,50556086,-0.0307861625003597,0.0,0.0,458.385587489728,466.6480253473913,,-6.909511226465327,472.01293665037815,444.7582383290778,30.66217960152248,-144.26403586139418,34.9286732937119
2025-02-26,442.6959258871,444.1912657067647,441.7634729320863,442.9142830426138,93307679,-0.0364993995459747,0.0,0.4504871610688618,457.3913796278539,464.8412384237683,,-7.332921401911847,472.4855825620471,442.2971766936607,31.487345467540422,-133.6983931611538,32.02621946550325
2025-02-27,445.8943472710101,448.36278111466504,445.85907243198983,446.1572966577137,99359538,-0.0184952507045044,0.0,0.1963530973983188,456.2291768401189,463.2097157103857,,-7.322385024183461,471.00587925721436,441.45247442302343,34.21349745947636,-108.666083880543,25.45467905602537
2025-02-28,447.4020149304736,448.1150800164456,446.4129319969496,447.02222391162326,63289643,-0.0188429337029518,0.0,0.0,455.1528016283104,461.67427451836807,,-7.161686998310245,469.27234585687785,441.0332573997429,34.9278758701429,-104.81917785679602,25.454679055963854
2025-03-03,446.8352461544042,447.3509584863993,446.65047771990663,446.675775985172,76458065,-0.0015970785989963,0.5,0.0001188570252854,454.0367073771322,460.08443294954276,,-6.981806191564601,467.0325266947527,441.0408880595117,34.77141866274842,-105.28190280948382,25.454679055941074
2025-03-04,445.23941384161515,445.7290714094114,445.2129166294006,445.5481384218782,62489029,0.0081396086680767,0.5,0.9581885145181483,453.1704661907911,458.74710920784867,,-6.851263186296478,465.9948073345028,440.3461250470794,34.254765346819624,-110.80293333569719,26.843863729888252
2025-03-05,439.90167325526096,440.2282086366966,438.6815301728882,439.5062934484226,41940369,-0.0076944675858722,0.5,0.2220855066472807,452.1135658160491,457.46505726805117,,-7.152879368811739,465.7996197257576,438.4275119063406,31.648308082781597,-150.6180858243283,32.73539914425378
2025-03-06,436.7997538046323,437.3273949663505,436.2148887578427,436.6655666852066,94279890,-0.0212744026459104,0.0,0.0,450.8831552795421,456.1677080808588,,-7.534284730881495,465.49509228163976,436.27121827744446,30.51882291289114,-162.09250550727944,34.78719664677258
2025-03-07,435.2606179745152,435.33599622332673,434.82349125255166,434.9070984689556,81681557,-0.0271018414625014,0.0,0.204514086401928,449.8070560825924,454.9577516558001,,-7.887522467920462,465.80365856987083,433.81045359531396,29.836935662704533,-161.59037842216975,35.92767454199098
2025-03-10,439.6892373793904,439.82613658920417,439.00631140564275,439.41257055146735,57994276,-0.0162605760692645,0.0,0.4879504812678545,448.86779823985825,453.8462671013532,,-7.714978506392583,464.99545667393744,432.74013980577905,33.7597332580261,-115.44552028159951,28.429578260613663
2025-03-11,440.6160129124424,442.0115252135328,440.2331209217289,440.98158444585647,91363167,-0.0102492942562758,0.0,0.2768545637021036,448.1294149523718,452.91675271378233,,-7.366711006424964,464.28272832009907,431.97610158464454,35.06758540107049,-94.2641131342154,24.958993453067432
2025-03-12,433.5907317083461,434.05450985439614,433.3226233738689,433.833757153701,88226615,-0.012906609937742,0.0,0.1127818240104719,447.08914634598716,451.95126327623586,,-7.580097780395192,464.1325062591994,430.04578643277495,32.08238343815084,-137.98050441519652,31.053695691803398
2025-03-13,435.6277930954666,435.9219313007125,435.1091035554312,435.30249432516325,65955176,-0.0031215476191325,0.5,0.6189508683330572,446.24401581169616,450.8146346733275,,-7.543734050820547,463.8850491790405,428.6029824443518,33.28951674952752,-115.94601075872022,28.144256600661716
2025-03-14,434.12396958807346,434.4815809151034,433.4437359157894,433.8591548605605,78233146,-0.0024095803726457,0.5,0.6706831117560615,444.9201957557243,449.65828223041973,,-7.544413660998828,462.0757813885459,427.7646101229027,32.69870248186051,-119.07601549782039,29.586397187362927
2025-03-17,431.220776014528,431.6503300631297,430.1377597526184,431.22978940449144,81664130,-0.0186220916181493,0.0,0.151785717957353,443.460535584079,448.3993531769449,,-7.668719845970202,460.01965083375177,426.9014203344063,31.640443956691428,-133.2157283362345,32.37364107113974
2025-03-18,433.91804530715865,434.2934349138392,433.0908593860987,433.8671408108236,54609307,-0.0161331989497315,0.0,0.0562382847938751,442.354443498809,447.43249246568234,,-7.46833090610113,458.33517440573996,426.3737125918781,33.8614821067675,-106.27775716302236,28.177331107877528
2025-03-19,438.8135903478652,439.1597722695001,438.08985468511565,438.2536490450292,91721929,0.0101879851865982,1.0,1.0,441.28248625110075,446.68613740240795,,-6.876300955542263,455.0954407487214,427.4695317534801,37.36304268066394,-65.35148611036811,20.878929958778155
2025-03-20,442.005945804932,442.6399542246352,441.6172183203074,442.2675786506714,94272754,0.0160005614861129,1.0,0.9874813744200956,440.66763605494407,446.0525974435854,,-6.013897909434434,453.00742741046236,428.3278446994258,40.35237633195775,-32.44732768838614,15.99274041873157
2025-03-21,439.1537714278207,439.4082828703627,437.6434462543155,438.9136429232176,75876898,0.0116500666311434,1.0,0.8492070822266647,439.83295819214555,445.468749460761,,-5.537241986503773,449.9817129905904,429.6842033937007,38.75368371492839,-57.58768084155649,19.82102707789049
2025-03-24,437.68354334655373,439.589162596151,437.51148576446315,437.7720576400494,47778748,0.0151711880679499,1.0,0.9438649846266453,439.3520464017362,444.78789380189096,,-5.191757773332142,448.8858674804523,429.81822532302004,38.22050941460956,-56.69047527637924,19.564460585734533
2025-03-25,439.18830381869736,440.0492698350637,438.2819557125097,439.2839276726315,81654364,0.0124848976847724,1.0,0.6614086371609229,439.21870120526245,444.2390497177925,,-4.7413089111446425,448.6737541292676,429.7636482812573,39.36344070200908,-45.47949054414169,18.894543193399105
2025-03-26,443.9800517993472,444.26954768874657,442.1750817122921,443.4927522291737,92182965,0.0119544998554164,1.0,0.98033207464105,439.24762466459043,443.8675038160518,460.0625236537682,-3.998614437271897,448.75367900394593,429.74157032523493,42.43060529827917,-5.612305255546768,12.892626580893499
2025-03-27,441.9939634560062,443.05582206083784,441.3935607836903,441.6294352999154,41946830,-0.0014428897381602,0.5,0.3022817785698165,439.02123159670043,443.51498149234953,459.466577853754,-3.5198037134973674,448.03745623155703,430.00500696184383,41.469911894018914,-15.16817652078416,13.726933973401843
2025-03-28,441.35408872973096,441.7143001985169,440.2106887143747,440.99533477545975,72997728,0.0047428278564727,0.5,0.2792821365568457,438.7198871398923,442.8703074521983,458.8679288528163,-3.1551389009411537,446.9814467271855,430.4583275525991,41.141978687148544,-21.342772197078535,15.001617160435371
2025-03-31,437.117702743987,438.8995033734332,436.47595705548935,436.547798844286,92945798,-0.0027965667849226,0.5,0.5359788302306957,438.213488282848,442.0744676524279,458.1438199377173,-3.188266043437295,445.6189840594997,430.8079925061963,38.90947461441193,-58.77730452564164,18.914656969454775
2025-04-01,431.78736130532894,432.65791916164704,430.8581897088019,431.7782923024569,80793419,-0.0170860687071802,0.0,0.2784004572689199,437.52499597687694,441.2674446453023,457.2216810816228,-3.5583602975224835,444.61287619004395,430.4371157637099,36.70018534704866,-121.81841041425335,24.334993834831952
2025-04-02,435.5410592080726,437.1706725977557,434.79394946338937,435.24424310324935,49957168,-0.0185989716505263,0.0,0.1836633212004626,437.3118934596183,440.45249294877084,456.3726786127047,-3.5312829649331547,444.40523738851306,430.2185495307236,39.29149295719194,-67.96547076450179,17.791652909313424
2025-04-03,440.8610564335317,441.30791682139295,439.61840363080745,440.99788341648383,78214493,-0.0014300493421653,0.5,0.1858998792753645,437.52850929618216,440.0002696435268,455.63491033398833,-3.0108461356101657,444.80108349756335,430.255935094801,43.279021615788565,8.909333497378844,12.192002912405117
2025-04-04,440.98074765123846,440.9969919524896,438.8109602761585,440.83784285568106,72880340,-0.0003571283126132,0.5,0.3020743726859325,437.82504651551847,439.50795773274325,454.7702767837742,-2.5815516145167976,445.1311405994894,430.5189524315475,43.197377993651095,11.970766059680303,13.026752505580458
2025-04-07,445.1213349985493,446.67190227317406,444.7983206297256,445.1792719887471,76159646,0.0197721146855212,1.0,1.0,438.1133815873824,439.4342570174269,453.91560815091566,-1.8694655305150718,446.1061672634419,430.1205959113229,46.05323304210871,111.94023584501784,5.719605035787494
2025-04-08,446.88828883604594,447.1804888653162,446.44680557839905,446.84494667924065,81478073,0.034894423006865,1.0,0.8035025212923381,438.40654969905165,439.59739418666476,453.122709767028,-1.1573845431749987,447.22932702861186,429.58377236949144,47.10867165610005,126.09069102710839,5.089727601812897
2025-04-09,444.5347771075826,444.72957271705906,442.9789751692155,444.2703664777799,75783612,0.0207380649314856,1.0,0.9550733700005952,438.9283801652556,439.64259696783694,452.2419176958026,-0.7916763834875269,447.84642129930415,430.010339031207,45.679678685982616,74.85698120700188,8.917546980524689
2025-04-10,445.5667568962486,446.6713437382221,444.1591472197348,445.9316273770765,50717207,0.0111876817239351,1.0,1.0,439.45983681785117,439.6350746584823,451.4223951844341,-0.3636087064838307,448.72804988400816,430.1916237516942,46.757732527954566,104.56046088256302,6.431150427174286
2025-04-11,453.5503911732324,455.5561137419073,452.1300732213808,452.6033696416618,55540627,0.0266890126985592,1.0,0.8063311090272729,440.3970475569063,439.82111284948365,450.74769368392583,0.5081343972493073,450.97847578758086,429.8156193262317,50.813290085684194,226.02857903962726,3.9477537054446206
2025-04-14,452.13851886939983,452.807111528719,451.75855357913946,452.5938361353116,56169764,0.0166552322021675,1.0,1.0,441.4652498934473,440.018381521155,450.05140723534885,1.1845727954254812,452.4556128117578,430.4748869751368,50.807569254918285,196.00598523355472,3.5111086457167806
2025-04-15,458.9228628601508,460.1891546147281,458.6642280613344,459.4807591657249,49384451,0.0282778457726515,1.0,0.7331949010163591,442.74593081119235,440.48280221261655,449.6149557102326,2.2504306676998453,455.7864975292487,429.705364093136,54.62518714834792,267.838639369469,11.180157322692
2025-04-16,448.90788202224894,450.2353800622094,447.1829257507091,448.3885983109915,44188891,0.0092696523197379,0.5,0.3797264712097572,443.25267827449045,440.7788790413688,449.12196815471,2.1750138251703106,456.3457945677258,430.1595619812551,48.37071238172404,104.17433529678286,1.4255282406643452
2025-04-17,452.3857847396575,453.4206208804281,451.1974184124621,452.02793108998424,90095467,0.0136709381856712,1.0,1.0,443.74069589645603,441.2909578548614,448.72933296786016,2.3814572178069966,457.3947869702458,430.0866048226663,50.30208017463882,136.85843830405867,1.7708199415872699
2025-04-18,452.82596810714944,453.1325280339983,451.6346919162155,452.54352672404224,49014653,-0.0001322193373569,0.5,0.1814012532936661,444.4221900864974,441.87883879669766,448.4182952262489,2.5571916390534284,458.41815317398755,430.4262269990072,50.57306393241702,126.68202106990707,1.770819941584556
2025-04-21,451.6936591331464,452.0688249679936,450.7168346508329,451.41001767570293,54064147,-0.0026156309810078,0.5,0.5880949475920798,445.10408808828004,442.2787537008388,448.062510401096,2.5753111431362186,459.0647014303318,431.14347474622826,49.9536072790468,103.94536599450043,0.7913090263100145
2025-04-22,451.9395029772698,452.5170030943383,451.908152035737,451.9450378454876,60808635,-0.0164005155165144,0.0,0.0,445.73714359692286,442.6442021474932,447.78047743063775,2.6028387323219135,459.7347229664996,431.73956422734614,50.251145772280225,102.16129039067486,1.2712946304472106
2025-04-23,443.279110085474,445.69211069870505,443.07146508905856,443.6772013939533,78049943,-0.0105073967865937,0.0,0.1104979908834296,445.7463660551619,442.97231695550164,447.4617901158687,1.935201443016581,459.73796091688496,431.75477119343884,45.889699079409326,12.492002410611885,7.824793926679206
2025-04-24,442.93136772062616,443.0924762588167,441.5243675531448,442.89779404902333,91756593,-0.0201981700974654,0.0,0.0447828268129322,445.8097839926172,443.2254936129636,447.02006414314553,1.3278952721075257,459.7341455228288,431.88542246240564,45.504544342052824,-8.945339936687006,9.300248679733382
2025-04-25,444.2349086552125,444.756617306357,443.3479012230262,444.5359313673258,72884400,-0.0176946412529273,0.0,0.2728280859947689,445.9868138222106,443.58138616318917,446.61983419680445,0.9676305052244629,459.74245761819276,432.2311700262284,46.481186743729396,7.333186712479081,7.387485741248525
2025-04-28,451.3701696753058,451.78485328964115,450.0427365859484,450.9304584868362,42363999,-0.0010623583218998,0.5,0.5250449005295814,446.70594680433805,444.2380751326006,446.3187141547727,1.1844493839496977,459.8751758593911,433.536717749285,50.09294455387772,83.45269691669101,0.23991015545739353
2025-04-29,448.80402945057745,449.6329784538692,448.6119513394857,448.8700391031627,82663528,-0.0068039219038316,0.5,0.4141188917749494,447.5605341443734,444.73817174234523,446.0853321040138,1.1764597867154407,458.7152155516192,436.40585273712753,48.99090282611924,54.69543241968331,1.2373826415166373
2025-04-30,445.22753958168823,446.3353649195117,445.1834943701939,445.5953773165667,44790691,0.0043233592273546,0.5,0.5244595006064567,448.07809085503914,444.9828960180631,445.83451671023556,0.895566600359416,457.6789830782113,438.477198631867,47.28073102006186,8.997495747845782,4.71821650846633
2025-05-01,443.4859754881534,444.388117878704,442.88742952662955,443.6285514235339,99139321,0.0016499458437801,0.5,0.6086596058072776,448.20962425539176,445.02826177715855,445.540429610372,0.5083899118857289,457.46807038631204,438.9511781244715,46.27701159877683,-19.322783499344514,6.989296018886675
2025-05-02,447.80938408192634,447.8734801471469,446.6194299572643,447.6245458272484,67950196,0.0069479523295732,0.5,0.5097720140651408,448.5489594039701,445.31862520729294,445.393687334027,0.5180215196526774,457.14345711142926,439.954461696511,48.57164337153007,27.65349681185883,3.1292596659210736
2025-05-05,448.906576753022,449.5888681752554,448.563244252869,449.1597791486601,61003105,-0.0039267237438737,0.5,0.5081183382407765,448.74798476196577,445.69821592424665,445.24305486306883,0.6421330269370742,457.1970481436095,440.29892138032204,49.430098736486585,47.66648042208478,1.2690348148236175
2025-05-06,446.6913296170018,447.4871749694609,446.5426241005931,447.05891057129327,49852415,-0.0040348617062703,0.5,0.3596016624386489,448.75868295656835,445.9573820208687,445.0982158693306,0.5644629763080502,457.19813692716133,440.31922898597537,48.28903127918461,15.207673027285532,3.3924751338234507
2025-05-07,449.4845204840907,449.784472386888,448.93242295326394,449.375013540127,93423843,0.0084822159653488,0.5,0.3674198164898103,449.0139153096857,446.15345739790047,445.01048060697616,0.6819380968183282,457.1863700497353,440.84146056963607,49.61550599982118,46.108515955176976,0.8416400702013203
2025-05-08,450.0404430250512,450.9743128973912,449.6700137344298,449.93022516055544,57066318,0.0142048425801279,1.0,0.7194789456400612,449.2138451988597,446.43015039325513,444.97256594280236,0.8104960202515485,457.2635266427411,441.1641637549783,49.933986799067135,54.454726255393595,0.4739631877455503
2025-05-09,453.9811779766625,454.6747479282173,451.75185787705647,454.21143736501017,83279777,0.0147152152382274,1.0,1.0,449.29424858502705,446.87068714624013,444.8704972992192,1.2435028196471762,457.516750078183,441.0717470918711,52.33722670032346,97.28914016802072,4.483114806630516
2025-05-12,451.1389312165077,451.5951520114774,450.5635125467293,451.35153507882944,90277283,0.0048796798643093,0.5,0.251227352921743,449.2321335322029,447.36414502072495,444.7193063365765,1.3404418354367635,457.3679963815795,441.09627068282634,50.65687493075214,58.64765273800505,3.1033605947745047
2025-05-13,450.2035707394827,451.0848565789937,449.62112273573007,450.0991252656602,88115625,0.0068004789133535,0.5,0.3614189604408185,448.76305183719967,447.9748394528317,444.6211420490671,1.3012081808261087,455.3442027524059,442.1819009219934,49.930643256619305,39.61026441079305,1.9983663699534646
2025-05-14,447.9273658972009,448.97554256945455,447.3691225080304,448.5769431445252,73321714,-0.0017759563205677,0.5,0.3563185468861605,448.7724690788765,448.4192627875409,444.43587786815584,1.134213345689318,455.3519027021541,442.1930354555989,49.04656881712904,-1.3881595821726347,0.6342348204168876
2025-05-15,441.93389503065765,442.890731444149,441.44292669691583,442.5567776633236,51186361,-0.0163879799242219,0.0,0.1789848753888882,448.2989114075434,448.4712259291022,444.2357477863145,0.5102103071735655,455.2449310450328,441.35289177005404,45.73356597426481,-121.05964642060859,7.157562789268893
2025-05-16,443.61878390656614,444.60984001593215,443.0532701019793,443.93772840213256,66256629,-0.0226187808534233,0.0,0.0,447.8686214914479,448.57455544731727,444.0412565900303,0.12566598770382598,454.7736054520162,440.9636375308796,46.5896795346191,-96.18388371129174,5.08726374302418
2025-05-19,445.0804409864143,445.99651317011865,444.02202498240337,445.1754624208801,72371979,-0.0136835087020822,0.0,0.2495484145347467,447.55689372870677,448.57442846172177,444.00434273957427,-0.07831064842167734,454.35073693977665,440.7630505176369,47.35968003976039,-70.90605422019287,3.419982843711324
2025-05-20,445.47678662466313,446.25156512650005,444.07311759716106,445.338327569371,77998210,-0.0105772205033263,0.0,0.0,447.2265582149009,448.52420782472603,444.0608010056954,-0.22423688256151308,453.7594909402134,440.6936254895883,47.46277964597327,-65.48313583416571,3.108716703272492
2025-05-21,445.1491387056845,446.35606075617216,443.98596680715303,444.4933526744235,98375404,-0.0091034337196997,0.5,0.5557988324447604,447.26736577892444,448.5316406979475,444.0871188328922,-0.4034165518399959,453.71660761127055,440.81812394657834,46.9690500447747,-72.38977267524089,2.977357082587007
2025-05-22,439.10381079254336,439.4668924755837,437.997177290336,438.7275319028432,94493713,-0.0086525525169868,0.5,0.3329305893480485,447.05885267161545,448.29150418213976,443.96328942031107,-0.9991536585307585,454.3213224880913,439.7963828551396,43.75602267580189,-180.2560324829983,9.791017240394941
2025-05-23,437.0560065970787,438.766712066073,436.6439365960348,437.1259198741123,68175911,-0.0153440631246594,0.0,0.4290298255546776,446.6883520969547,447.7755891898881,443.79835101968587,-1.5822768109817957,455.1498323799524,438.226871813957,42.912482583538385,-181.7478803221829,11.247968182795237
2025-05-26,435.8426988914797,436.5255006969765,435.36133412746074,435.85098712446546,73814548,-0.020945618264106,0.0,0.0,445.93437852883625,447.2174942228599,443.61793787200736,-2.1228120721505093,455.42861579315763,436.44014126451486,42.24188133997544,-187.81422791148577,12.631503608217198
2025-05-27,432.26292799987897,433.7738351800629,431.7157420783443,432.69671916682614,46086368,-0.0283865268716977,0.0,0.0619641420454055,445.1257125320194,446.32469288956327,443.40374755108985,-2.77373928396446,456.1920795899318,434.05934547410703,40.61735442602319,-219.25801801082346,16.460652992184528
2025-05-28,432.1669644041184,433.71240204178514,431.9915711522603,432.17496531802385,68207970,-0.0277133218804791,0.0,0.1267553761864197,444.45469193209226,445.7842384564644,443.28155874891655,-3.2937368163844667,456.93796220889465,431.9714216552899,40.351810107623116,-194.4250563142069,16.460652992149313
2025-05-29,433.8406064063295,435.2643387605411,432.5254237143151,433.9658744049731,84561177,-0.0108533364141018,0.0,0.0827598194902996,443.9715580811641,445.1821699002973,443.23656387757933,-3.5207422856591393,457.30822375328086,430.6348924090474,41.705088549599466,-159.98396581312224,14.180871336892041
2025-05-30,442.052568792216,442.6310968308574,440.5422403357122,441.9099562473368,94545927,0.0109442980974503,1.0,0.9629424682244584,443.68582860216867,444.8277175510738,443.3532781738857,-3.024757223897609,456.9375585736934,430.4340986306439,47.201794251718354,-45.37287348443732,4.167676500851065
2025-06-02,442.4137962484708,442.8293011996763,440.8247541305667,442.7800776298748,51950831,0.0158978428639662,1.0,0.9740358600533148,443.36684352622933,444.5400528828795,443.4094032918592,-2.5322833789088577,456.36855086388243,430.36513618857623,47.759923816345015,-35.19388697218631,3.914038914724176
2025-06-03,444.2304691760675,444.4792103645168,443.4557231770559,443.9998793863847,74812381,0.0261225928436046,1.0,1.0,443.2138919669839,444.2752142675761,443.4597082075346,-2.0202779940944993,456.1042176889875,430.3235662449803,48.548684075157,-4.088051249348767,1.7799479485739362
2025-06-04,444.50880733380575,445.50938692196945,443.4843880389321,443.82853406893736,73535574,0.0269649324604863,1.0,0.9705995996743024,442.93656799342455,444.2802586900755,443.6262878227886,-1.609779635371467,455.5033793876874,430.3697565991617,48.442398799622076,0.4920844405580817,0.44749253122019245
2025-06-05,435.94509816840895,438.1251759012819,435.6958549367639,435.9925167792599,72386345,0.0046700500979843,0.5,0.6927758233589819,442.2396825743596,444.05008278108346,443.63778819702355,-1.8949144414131638,454.7190396503058,429.76032549841347,43.89600511525554,-111.15137043023543,9.693934483860776
2025-06-06,436.19685277812965,436.3095845239094,435.73003691626457,436.0216977510536,53607851,-0.0133245662674945,0.0,0.4421046003182702,441.33019559366187,443.76627499387433,443.6738305785318,-2.0943883635943052,452.7415036327294,429.91888755459433,43.91628221401539,-108.50107560444383,9.693934483853836
2025-06-09,436.7096229484493,436.8051704674582,435.83364973167386,436.4084382868336,97868813,-0.0143900768461566,0.0,0.0,440.58304075406204,443.28220765387425,443.7601413932374,-2.19595258052766,451.1577564859178,430.0083250222063,44.19281418786172,-95.16304537191827,9.004525723912147
2025-06-10,446.6477262276777,447.47558661837064,444.8520196546926,446.8270023684192,51360589,0.0063673958333989,0.5,0.2260394040841843,440.41943460920004,443.2141064293828,443.976139085864,-1.4193900593030548,450.4621094850261,430.376759733374,50.93487816689127,44.34361007750024,4.380691308595228
2025-06-11,446.2571644788415,446.6864721105274,445.9992914547259,446.1571840081996,94181889,0.0052467332776322,0.5,0.482343590329749,440.2984466523837,443.2328333191039,444.10786466858355,-0.8482295479416848,449.9791037047936,430.6177895999738,50.52888854766552,42.49400830265984,4.380691308590915
2025-06-12,447.5779567808999,447.77836788918535,446.8577292700517,447.57232077085786,79092598,0.0265596393193618,1.0,1.0,440.5492238077604,443.364292297348,444.1962770372533,-0.2781842824985006,450.72347641647855,430.3749711990423,51.37595094073791,55.1618892994025,5.649428774404237
2025-06-13,447.6113222447702,448.3189728771754,446.3329283787738,447.56760558721953,69124900,0.0264801221951072,1.0,0.8392650864060538,440.7307176670148,443.3623942893471,444.34050974832,0.1712264297095203,451.28199741669204,430.17943791733757,51.372918994953785,55.18650687509909,6.286299622844165
2025-06-16,442.450583446492,443.210392315441,441.8037826012303,442.7928666646452,85677380,0.0146294796747612,1.0,1.0,440.61158787920306,443.1501638732133,444.42418989873,0.14048668699234668,451.0041764339608,430.2189993244453,48.381902716414665,-7.350838113455362,0.4120528090177253
2025-06-17,447.7534391433114,449.4388050250087,447.7128001924955,447.74246489747367,68487589,0.002048807534464,0.5,0.8355401628152881,440.7317947456082,443.1729490174193,444.565165519144,0.5096416001661623,451.40637207249756,430.0572174187189,51.415289090711255,71.14420128622896,7.671367843270984
2025-06-18,451.302860849207,452.51724468095426,449.459252713841,451.07822466410624,73942508,0.0110298361929239,1.0,0.8892823516584011,441.0610383450923,443.229722721552,444.6915900597262,1.0591581477098657,452.59567836924566,429.52639832093894,53.3274961415656,107.05644479557289,10.988858833525756
2025-06-19,455.2664595710029,456.7171084408949,454.136140686285,454.60675987734646,95216445,0.0157168769828597,1.0,1.0,441.8549997438175,443.3856072121116,444.90787880268334,1.7590994695173094,454.8117004916106,428.8982989960243,55.254606434715505,156.95608890732458,15.284839355718214
2025-06-20,451.2927079558584,451.7541237697906,450.6584167427412,450.8602109088908,55648245,0.0073566658546506,0.5,0.8256793246257077,442.54171429555635,443.2738996635743,445.0722934049072,1.9885698242244416,455.8929180021769,429.1905105889358,52.85736806912668,105.33505945383058,10.707853960714653
2025-06-23,458.0053320742423,458.9118206428919,457.0062706413856,457.0212818674159,88854843,0.0321333433168127,1.0,0.9241744518025026,443.6002290327039,443.4628912231939,445.4135181219594,2.6371739697693783,458.03113533965046,429.16932272575735,56.09762048834192,184.15330327195522,17.66739556138268
2025-06-24,450.8043939780575,451.2640809633755,449.7329281591687,451.1505832786318,73523310,0.007611782773248,0.5,0.4592839279795276,444.5229222382942,443.49793982362627,445.736389638229,2.646968510110753,458.36630626936227,430.67953820722613,52.538063816105065,93.3433250525499,8.75677998764354
2025-06-25,454.1991918187458,454.2498122389972,451.5098691110125,453.80332980914073,45540070,0.0060413138919834,0.5,0.3836638172102712,445.60434046285,443.6721527124467,446.0457077499938,2.8360925198192604,458.7476894220316,432.4609915036684,53.90526376782296,120.07656679051665,11.599576973183568
2025-06-26,463.5260358049186,464.540408318855,462.94901480830026,463.44106759004507,67364435,0.0194328560250227,1.0,0.7970486538614266,447.07810012210365,444.36829571000413,446.41976081955323,3.720768845904445,461.29304256131695,432.86315768289035,58.408210387078995,220.3987917313026,20.43780258548413
2025-06-27,460.27512615535727,461.83312489726825,458.81984750517097,459.26941663966255,46491878,0.018651470072774,1.0,0.8701444909867986,447.9460731417199,444.8793519845885,446.72695371595285,4.0387081270414456,462.93138342021797,432.9607628632219,55.96037507814046,159.44111001508193,15.638709419761065
2025-06-30,456.5941065807117,458.3613666105847,455.6405911751279,456.96346936947293,71241029,-0.0001264984810045,0.5,0.2552119466475486,448.6552427286999,445.27228554954155,446.9233570056316,4.057830480999257,463.95041041909036,433.3600750383094,54.65068490133096,116.03677651276145,12.081442994496596
2025-07-01,457.1549783714939,457.6837736279358,456.53151819311023,457.5391840179674,89384592,0.0141606837630747,1.0,1.0,449.332207960279,445.6789807644948,447.10159429461044,4.072495254709395,464.954806983916,433.709608936642,54.92315735752356,108.30427843155229,12.081442994482659
2025-07-02,455.23921105538057,455.9011408492498,453.557823883344,455.5122417429911,41960826,0.0037657545055234,0.5,0.3460053537882717,449.9163933439816,446.0462770667803,447.28895888236394,3.875881146595759,465.5462469729961,434.28653971496715,53.747005219488216,80.90228392045427,8.73338212636633
2025-07-03,448.07539268502353,449.9380122361822,447.5521049831439,449.0290836358485,42844664,-0.0310977704870671,0.0,0.0467571823581495,450.5682216868111,446.3896621245472,447.34058315334346,3.1604941627848575,464.77573576518535,436.3607076084369,50.19069448152738,22.541351456281905,2.346006335286312
2025-07-04,449.2264421631624,450.9503423201504,448.90363514787913,449.4627494607498,76167707,-0.0213527546655842,0.0,0.0,451.24027427229595,446.80088977743515,447.2882394836616,2.598583182437551,463.7167070792881,438.7638414653038,50.41771432328821,28.26371056719723,3.336163192185609
2025-07-07,444.7770708270602,445.8477832436528,444.25165137612976,445.11497214055856,74932801,-0.0259287624134663,0.0,0.0661760464428914,451.6756009649822,447.10968927797154,447.1635917504157,1.7818948140882185,462.4667992786003,440.8844026513641,48.142024684994574,-20.80144433353935,1.415669973654195
2025-07-08,447.3205643523808,447.38615762130064,446.2615575642483,447.2533002350445,42090212,-0.0224808806375781,0.0,0.1667057923217849,451.69691585831345,447.59490864691213,446.9598007682377,1.2923116405645487,462.44940456764147,440.9444271489854,49.30619121045258,-6.985519082940889,0.15499051297927485
2025-07-09,443.6768653884614,444.82151700540305,442.797478779508,443.52528797088905,78785284,-0.026315327391059,0.0,0.0,451.56532105644783,447.97325273534096,446.87874559590267,0.5966165902009948,462.6621825699036,440.46845954299204,47.38756577268138,-49.10063141664846,3.3324510636417313
2025-07-10,451.0563138343274,452.2246207484315,449.7548785372705,450.2116398841013,94503422,0.00263358497556,0.5,0.5748113139695145,451.69728701211005,448.514778251312,446.84847407580463,0.5781415143011372,462.65612573803014,440.73844828618996,50.93029031586787,26.89541191219284,4.053600892482272
2025-07-11,447.4586664161979,447.75916596369257,446.08011557241014,447.03379484110616,84185024,-0.0054041288684275,0.5,0.7455337984946584,451.67059647480437,448.6855728711042,446.756645211089,0.30357492417709864,462.67429286246136,440.6669000871474,49.29819051476309,-22.252188905204843,0.36962580617732127
2025-07-14,445.5597649037896,447.30511453641674,444.5177827670256,445.8169583368104,73707431,0.0015770896064806,0.5,0.2580717962617589,451.82180105841263,448.7868022280021,446.6634275554408,-0.012070472122275078,462.3861908333723,441.25741128345294,48.680250758960405,-38.31839243586656,1.1693043180408105
2025-07-15,448.9960621568585,449.633130146771,447.75489426835736,449.3998095390495,61320139,0.0047993146230043,0.5,0.8345144773675407,451.9046682904914,448.9667998997576,446.6210070836669,0.026578050865850855,462.3597631814491,441.4495733995336,50.56757648680116,-1.006811168171833,1.1666045989849996
2025-07-16,444.5629300764127,445.89941334753655,443.767847427772,444.3443485725993,65227191,0.0018467055293676,0.5,0.583803801873209,451.56797448591607,448.9839937165463,446.6321262033109,-0.34672928657670354,462.555296983454,440.5806519883781,47.99136966655371,-58.02344915551831,2.809164580253252
2025-07-17,444.853703031825,445.66071853560646,444.7050168380799,445.44179007487656,65919139,-0.0105946834481059,0.0,0.0,451.10972599579253,449.29896949306686,446.6745261370752,-0.5477100232907333,462.3255235915446,439.89392840004047,48.57965423124802,-56.73143090636069,2.809164580249473
2025-07-18,451.94710942044566,452.19362267848226,450.9885288729496,451.1209000935093,44600108,0.0091427209744978,0.5,0.4888461844684588,451.1227604550236,449.8022762378154,446.78427561584493,-0.24589743634334127,462.3379430098556,439.90757790019154,51.51552473473696,24.39132386631256,3.8187352141577793
2025-07-21,444.9857643115181,447.38591663965985,443.389054841928,444.461548529065,51393942,-0.0030402831978441,0.5,0.6116653825043445,450.494773788106,450.07071324588986,446.67646044988203,-0.5378626575642897,461.7258243847898,439.2637231914222,48.178710765094515,-80.69004452370456,3.6555762806981638
2025-07-22,445.1700512273082,445.4273758038344,444.4427006383026,445.3790122157983,42854190,-0.0089470383340289,0.5,0.5152010782824823,450.20619523496424,450.0224469074691,446.61827666842595,-0.6872928626268617,461.6606702685387,438.7517202013898,48.65272508798533,-79.21072618820295,3.65557628069464
2025-07-23,445.85070364455527,446.82209464883766,445.52195713620335,446.6158166212472,41284382,0.0051119544019064,0.5,0.6077511984892738,449.84681957556967,450.0377346612374,446.63528399017065,-0.6978729526243796,461.27708564102755,438.4165535101118,49.299467244687015,-59.593968692196974,2.2103364413956266
2025-07-24,450.6796168729027,451.3071489084199,449.7162189373874,450.0702791555211,47196042,0.0103907832263931,1.0,0.8158652813841267,449.1782801538435,450.12099994072616,446.7426461190371,-0.4226395679496022,458.65844917288706,439.69811113479994,51.07981397286813,3.1731540531234237,2.320266569923107
2025-07-25,444.9307156135247,446.62718693932646,444.9051367042475,444.9816837467214,77407753,-0.0136088049689461,0.0,0.0338721648072156,448.46389350919634,450.03480254604284,446.698598417695,-0.6081123097986847,456.83015460278045,440.0976324156122,48.485374665559654,-73.34574450933776,2.476712881894347
2025-07-28,440.1477606376064,441.1394707875426,438.47958800229065,439.6036121157271,87230658,-0.0109299363002606,0.0,0.0,447.595900646509,449.9284940610789,446.5393289671461,-1.1755156158874343,455.8506167675092,439.34118452550877,45.934522264595124,-160.30825309093248,8.409353182293296
2025-07-29,441.2127051396211,442.1549634559108,441.04407446611975,441.91731032209873,59432053,-0.0077724854534059,0.5,0.4777547877302599,446.81480696171565,449.73432224189975,446.4536356296595,-1.4220976584300047,453.99433873959947,439.6352751838318,47.17145646012832,-120.4242746014566,7.341778410850999
2025-07-30,443.0341835517797,444.2809320507421,442.993037595381,443.2998864313849,98016013,-0.007424569543793,0.5,0.319218471707042,446.2041891961354,449.47504430080903,446.35238351118045,-1.488791504599476,452.2582296400384,440.15014875223244,47.90817520024529,-86.69811844939812,5.100278504278326
2025-07-31,444.49380796508893,446.7814929615106,443.2825882555281,444.4914771852553,51872847,-0.0123954018486479,0.0,0.0,445.9773088736057,449.13786821107266,446.2617377115921,-1.4290225603539852,451.9247636548258,440.02985409238556,48.54790630155011,-63.67483415957153,2.4960393011685538
2025-08-01,446.1115123748171,446.1643484251344,445.42476144113607,446.09055477568086,57819593,0.0024919475777585,0.5,0.7472186350420875,445.8086991393522,448.97887967329905,446.1263896684366,-1.2383481374455982,451.52688768170043,440.09051059700397,49.410397808820285,-45.7500567354003,2.496039301164267
2025-08-04,443.17451561996353,443.3864147501584,442.6023913413284,443.3740629766587,88436828,0.00857693330313,0.5,0.7182620241188538,445.7216536811572,448.5239723769404,445.9934318000671,-1.2915473155738937,451.5364920295958,439.90681533271857,47.99648279297343,-82.32867883679472,5.329484298604486
2025-08-05,444.7660916455707,444.7875516869798,442.5661546490515,444.4892415515412,78131465,0.0058199377335272,0.5,0.6218276241814354,445.58345074698207,448.3019276527041,445.8999337381651,-1.2295489811758102,451.3763599571811,439.79054153678305,48.62086571270444,-65.80869374735776,3.7806716647690592
2025-08-06,445.3873688590165,446.04001919665194,445.1132077825009,445.863381714048,96437579,0.0057827564615446,0.5,0.2815374470654842,445.7003554341401,448.03726271620104,445.8547077143239,-1.0573448146961368,451.4121812003991,439.98852966788104,49.39536050989737,-37.226824480930546,2.3884479477000786
2025-08-07,442.9414836921972,443.1324630941767,442.747342149623,443.0045584530918,43257181,-0.0033452131446465,0.5,0.4367183100610396,445.34000136258953,447.35604574496926,445.86217072748667,-1.1384317841151983,450.7551275915966,439.9248751335825,47.84321785162582,-79.44484482467621,4.881908726590494
2025-08-08,451.0813592417027,451.5988957173204,450.8021450508449,451.0271026514701,62039912,0.0110662461308368,1.0,1.0,445.5396667531078,447.0813019453628,445.98032696497563,-0.5490128436570103,451.48616367358807,439.5931698326275,52.20327041855613,81.84015975166078,4.179455648216515
2025-08-11,453.42800344902497,453.9239257648147,451.7650749682353,453.1948624124041,78708480,0.0221501442141471,1.0,1.0,445.9085619568874,446.9556817134605,446.11398363150107,0.09196588371275993,452.7721558942749,439.04496801949995,53.29463534346124,128.00374105000384,6.474929894853699
2025-08-12,448.5832374367752,448.6126225727554,448.1788107701242,448.26424593005606,91255428,0.0084929038222338,0.5,0.9638659079963388,445.8517837764378,446.6465171105301,446.16274893751245,0.19978361871585548,452.611779732811,439.0917878200646,50.577314585043325,40.8895755783599,2.554745289247708
2025-08-13,450.6896328059438,451.6874513472037,450.438128587955,451.1970680203533,81916167,0.0119626022792023,1.0,1.0,446.19441974882545,446.5026779864422,446.27447752661124,0.5159367844688632,453.31762208723836,439.07121741041254,52.08071777750541,116.66570060577914,5.636273527931854
2025-08-14,446.51656266970167,447.84019555712007,445.9736909497466,447.202622550146,73371818,0.0094763451457773,0.5,0.5384098232980064,446.28246137258895,446.44179595025213,446.4157290373997,0.4391102895355061,453.4100216666875,439.1549010784904,49.940320032758166,14.325392662413254,0.8462853285108005
2025-08-15,451.2598592870464,451.35591466619064,450.5158272433647,450.6840307469613,87602635,-0.0007606458735894,0.5,0.4381767071594997,446.2606179052615,446.48250532645915,446.6416975519471,0.6516336577577704,453.32816911898783,439.19306669153514,51.728971739782345,112.09616046405063,4.3785039102919034
2025-08-18,455.9412280114795,456.1737372627311,455.382802944359,455.7897626868219,55686144,0.0057257936698682,0.5,0.5267081809564564,446.82702861314937,446.8383316780012,446.97401047798644,1.2180094011941947,455.01450761080423,438.6395496154945,54.21110012401068,205.19727433150268,8.975325091436988
2025-08-19,452.07388595977545,453.77336112083213,451.8983999251446,452.412510632954,50856760,0.0092540610601032,0.5,0.4695060327238913,447.17870353400724,447.0103053579316,447.3026070024219,1.3784602112567086,455.7016473237932,438.65575974422126,52.368477660004444,120.55512471288824,5.191899418241879
2025-08-20,457.4030076272495,459.8281307542254,455.71396123306977,456.694604888666,86350911,0.0121843364196345,1.0,1.0,447.6826429473781,447.4492825885242,447.7112676619326,1.8300521516615618,457.1993777896537,438.1659081051025,54.401376994651955,191.45133648863023,10.761231341872834
2025-08-21,458.6780043339182,459.6793047030314,457.68338199817936,458.6249530601953,88830419,0.0255417341806141,1.0,1.0,448.11037664261175,447.7297263610606,448.1222523061863,2.316996094133117,458.77831553926774,437.4424377459558,55.291227076655645,192.77308488630064,10.761231341840595
2025-08-22,462.8933034337923,464.04691241602256,462.22510113018114,462.34805767132315,58720027,0.0258807193701315,1.0,0.84280210789841,448.9786953388419,448.2402017887345,448.4628873299194,2.969100165115208,461.2768908942224,436.68049978346136,56.966793584644016,225.1545141437361,14.632409796221856
2025-08-25,470.8906797075796,472.843359979255,470.1995718136827,470.8588880305013,63284856,0.0330615704373191,1.0,0.7337534092884443,450.5414591345806,449.0749327785242,448.9308675032632,4.1250986520570905,465.4829076606436,435.60001060851755,60.470147895439965,288.16485515817016,21.708467527785213
2025-08-26,470.8859104864698,471.20864400597173,468.7943821962923,469.9175289138949,90629738,0.0386926043589073,1.0,0.6327589253793406,451.94147006417035,449.75885675768575,449.36282832872166,4.9086916265180776,468.62602469011625,435.25691543822444,59.91206170582753,227.18080382997374,20.06386282360821
2025-08-27,467.5500182699261,467.8973526372912,465.3089104048195,466.7307467277709,48705956,0.0219756084956412,1.0,1.0,453.11301307898964,450.5050700295248,449.74453187303556,5.212461997626974,470.51763255291684,435.70839360506244,58.03628911694598,168.5080882878501,16.040401296172696
2025-08-28,462.85594685927185,464.27448487740816,462.3385462575934,462.9712100923628,95757486,0.0094767129506734,0.5,0.2793266787652252,454.03699972434504,451.0893840301077,450.19417676158724,5.091151394416158,471.47653038663555,436.59746906205453,55.90036527642089,120.17602510429886,12.710560056496139
2025-08-29,460.0083989552997,460.7240033735785,459.2151975476949,459.5619019611889,72446436,-0.0060261001725996,0.5,0.0694218814095034,454.7105670836205,451.37075075903033,450.5865134984228,4.66612105500451,471.89658673136125,437.52454743587975,54.034781662625996,79.5509276443276,9.298912319396248
2025-09-01,459.6694912974716,460.6904869653367,457.9347039847752,459.37302299654135,49714891,-0.0243934336293465,0.0,0.0777157209061928,455.5105150846146,451.86779990794616,450.96925657691804,4.264877640279849,471.9478306069985,439.07319956223074,53.93162810759096,68.86247688495706,7.913574044313281
2025-09-02,461.63350894248055,463.25132244930825,460.9419442039867,461.0025662821634,65258148,-0.0189713345070066,0.0,0.4985999034865581,456.3361813211457,452.38858504349173,451.20551597548035,4.031902604345419,472.08713807670847,440.58522456558296,54.70338778724317,83.98886870520224,10.266573259416104
2025-09-03,461.9100444201481,463.2214161282968,461.3971399440743,462.3561827480259,42320688,-0.0093727786532489,0.5,0.4987858176920213,457.1608213728447,452.91326391438434,451.4754992878108,3.9114054982052266,472.3189374561151,442.00270528957424,55.3462094976165,82.47023075683387,10.266573259392585
2025-09-04,466.4519322917612,467.638170953912,464.3784061082891,466.13214165542627,41805808,0.0068274905526692,0.5,0.6676981548903284,458.3172005329613,453.4486593310478,451.784829635887,4.073640607110804,472.4201367534905,444.2142643124321,57.102948113600426,105.03179625643196,14.307998756859336
2025-09-05,466.83101554843046,467.50481335353095,464.98690642129054,466.3374325906419,49709175,0.0147434558881802,1.0,1.0,459.08271702992,454.1605176258452,452.09766008594397,4.170701116246448,473.18160935435833,444.98382470548165,57.19765512889121,98.6031027551659,14.307998756821325
2025-09-08,472.1049227436068,474.00463521074767,470.02878851105015,472.9366951840054,77774891,0.0295264882969981,1.0,0.9802220693617716,460.06980866850006,455.2716203947878,452.60005722793335,4.725653219270669,475.1623513605178,444.97726597648233,60.12519092393874,137.1898878644502,19.983503995621238
2025-09-09,471.3468674473864,472.4003010938889,470.932068582058,471.905253355591,78090551,0.0236499487656962,1.0,1.0,461.2518590397767,456.2712184959042,453.00277036890196,5.024310895222186,476.1532160326602,446.3505020468932,59.46755231539918,123.51323015106064,19.98350399557901
2025-09-10,483.3579902390299,484.81973645480014,482.8726463972817,484.3456835420681,71049883,0.0475596555524511,1.0,0.9419450911622698,462.9092898158625,457.639411732927,453.557228016868,6.1934438368949145,480.27243265069023,445.5461469810348,64.3348588294901,200.70310249223877,29.527511304118338
2025-09-11,487.2410120301235,488.56357597742186,486.2458390074492,487.3723134622893,60792686,0.04556684662729,1.0,1.0,464.9177743614697,459.06877294216144,454.1033205766171,7.280291191249944,483.853031863469,445.98251685947037,65.38113391510404,204.06117223474786,32.054765161033416
2025-09-12,483.9413408051065,484.6314396376856,482.9092270912068,483.5943414304663,78209230,0.0370051975968499,1.0,1.0,466.5632898956449,460.31889916398757,454.6488894186433,7.747466806040848,486.0035853336387,447.12299445765115,62.994810066313775,161.46640470518898,27.828387534319326
2025-09-15,479.5969792884918,479.8274979584976,478.644032878507,478.87753424782426,88383877,0.0125615946580492,1.0,0.8663819092713902,467.717678473695,461.50234820635984,455.0131602916501,7.648927848004746,487.2062102029296,448.2291467444604,60.15891866331128,120.77400936830746,22.63804738647785
2025-09-16,481.2540895106344,481.6148576035682,480.67554366607806,481.2184337364527,51666027,0.0197352759153202,1.0,1.0,469.15797462886997,462.72665461252353,455.5142911326138,7.671296112476682,488.1349512462898,450.18099801145013,61.058935319760685,125.24947465684454,23.976226737955468
2025-09-17,481.1381858300991,481.82232580869754,479.125867322918,480.3558707915215,77176570,-0.0082375313461424,0.5,0.4650080486609182,470.34103792401277,463.8764042484393,455.9568334823201,7.5325904880373855,488.99388483689467,451.68819101113087,60.53764907115712,110.76937552551688,22.08217657434697
2025-09-18,483.09354161386847,484.1910158139577,482.2505846126168,483.7611811253674,50929084,-0.0074093916235588,0.5,0.348850968101431,471.5978493272713,465.23495833751514,456.2955020412422,7.609725190814402,490.31403099042984,452.8816676641128,61.86722933150846,121.16593836169102,23.920042413803635
2025-09-19,485.25554943438095,486.43445501319127,484.6245219746745,486.0835355929697,52617619,0.0051472772719804,0.5,0.6073019687140807,472.7846232233537,466.4035061022318,456.7424040237973,7.76869689335939,492.0337447701236,453.53550167658386,62.75259503311482,125.81788099916162,25.63856052953967
2025-09-22,485.8763830110646,487.0300183510286,485.7800085911143,485.9033738253667,57715057,0.0146714745943927,1.0,0.8203064036417925,473.5368475130969,467.4937898159972,457.2247357647289,7.790343335335308,493.62658076544176,453.4471142607521,62.63588587422268,118.00830767120807,26.097000867683647
2025-09-23,482.3691963320838,483.4121396291208,480.4031684661138,482.18400611530376,49955661,0.0020065157757025,0.5,0.5056362314738256,474.15017137316744,468.6244484888388,457.6354827996845,7.421822259324699,494.52165880994283,453.77868393639204,60.24306574757403,84.82782182791183,19.231855114284013
2025-09-24,475.4665824883163,476.0678610032408,474.4490033946805,475.4821282567229,83859585,-0.0101461079819171,0.0,0.0,474.587740449615,469.4339504967178,457.96831424157995,6.51389301436609,494.6619975439477,454.51348335528235,56.23836418126384,38.57789415598346,12.232156866721658
2025-09-25,472.6513459405802,474.1923714285048,471.2092628899726,473.63054967885125,98393544,-0.0209413897637452,0.0,0.2171791131663156,475.1207074289394,470.314881401008,458.37833867563006,5.580615764789172,494.4484970789371,455.79291777894167,55.1898099737376,18.775479554317343,8.642128385127359
2025-09-26,477.5878542735777,477.9261183076255,476.92696049267937,477.63042071554435,93175588,-0.0173902513836711,0.0,0.0949396465759905,476.0241333666571,471.21309439996077,458.84779986320996,5.104896911041578,493.9263535481876,458.12191318512663,56.982203896252564,46.482007056805564,11.998191248562181
2025-09-29,478.1250886539681,479.06187501913024,478.08149701774533,478.7496029093421,60709657,-0.0147226203837713,0.0,0.0,476.9929623622973,471.97842240737816,459.40837704268966,4.763286737256919,493.10912737887526,460.87679734571935,57.47456473649321,51.01162246111528,13.0038436045651
2025-09-30,473.61440296481294,474.7994937838547,473.06710477497313,473.29744865601674,74761500,-0.0184298055235826,0.0,0.1635532598400574,477.60770648098986,472.67458700814683,459.8424461830392,4.006431284741495,492.0016162210363,463.21379674094345,54.340216057839214,8.433874377354641,7.398395724182299
2025-10-01,474.39696194662497,475.2736731679617,473.9943131568438,474.22311258529265,94696054,-0.0026478717003438,0.5,0.7780415098034628,478.2010529728532,473.2588705980344,460.35407659327933,3.441638166334144,490.8162679060024,465.58583803970396,54.77340165043246,10.768793995216562,7.8455742324013835
2025-10-02,475.65650148097006,476.2800472767101,475.3215866045031,476.1039819898323,65560098,0.0052222820353504,0.5,0.6115620612703725,478.6996449895735,473.84150489568896,460.78561562837484,3.1099563518034756,490.0291549750986,467.37013500404845,55.65767626614851,19.14785824743639,8.812378026164566
2025-10-03,472.0514923071375,472.78794675568946,470.8699102013969,472.29418866594335,74941412,-0.0111723035597413,0.0,0.0020705239686761,478.9974827933385,474.1730425955096,461.2066221921221,2.5107354473247483,489.21749372754977,468.7774718591273,53.46716048826753,-21.06929685376342,3.827857044845971
2025-10-06,472.62975531026063,474.12353932160687,471.2650230871631,473.1309019592394,91539700,-0.0117361997084866,0.0,0.0,479.00719313210027,474.2487763931343,461.6618545858292,2.0793943695223334,489.203298684063,468.81108758013755,53.87955541095497,-13.343318808062042,5.176003409375692
2025-10-07,473.5118309486379,474.2085840556577,473.43403183884743,473.5415121031379,84799034,0.0005156660949983,0.5,0.2869772673849254,479.08900606947765,474.3695758327757,462.0642162952307,1.7505075038682207,489.0691437482441,469.1088683907112,54.08612858883605,-5.974382493271859,5.263482016829111
2025-10-08,469.0510786240921,470.3723592046113,467.55635812932616,468.6034955939156,55702852,-0.011850154162122,0.0,0.0,478.30189667207,474.4320007949805,462.46853541225266,1.0789679587725232,488.99412110929944,467.6096722348405,51.23141266783678,-56.08670509100708,1.2498423320889205
2025-10-09,469.8760829301161,471.80399805702655,469.5540060435625,470.3397090319348,81055392,-0.0121071723319898,0.0,0.0,477.4502664505523,474.6776174262996,462.88350072820356,0.6790384132686427,487.80864360256436,467.09188929854025,52.15002557506496,-42.70959372108176,0.3045180220268893
2025-10-10,473.2271540524434,473.8007147816489,472.5566674588171,472.9887457232824,71073264,0.0014706025905186,0.5,0.4626057394029108,476.9199866651931,475.125178885036,463.24796482203317,0.5692841360353214,487.03706413623587,466.80290919415035,53.5315503205121,-22.086431254854013,2.4648706993511933
2025-10-13,477.75236298774513,479.2299346091117,477.207947658777,478.00582922031566,68113586,0.0103035486392648,1.0,1.0,476.87640141381763,475.7462724258285,463.80703616688737,0.8770299341367718,486.96544222858955,466.7873605990457,56.019403167546066,29.18465289018595,8.068358376484698
2025-10-14,482.55972421017015,484.6375661628824,482.1276319716732,482.9426363060384,84336333,0.0198527984614216,1.0,1.0,476.96261154229694,476.477608093291,464.43309656839136,1.5019660399532881,487.23566114867634,466.68956193591754,58.292404761847436,84.360955702569,13.206180691339911
2025-10-15,476.7968711293043,478.83343569946766,476.18397472748745,476.8479083325768,43040267,0.017593579254487,1.0,0.9859002443881818,476.7872134193497,476.96066561277604,464.9369647635802,1.4882827968843344,486.9353531242682,466.6390737144312,54.68310295720222,4.830434306540471,6.442266360681096
2025-10-16,472.3015495119934,474.3951413827488,471.04602791295474,472.79100276771766,73149417,0.0052117516099761,0.5,0.5973003287652404,476.2387045014672,477.1826276498524,465.31564349045016,1.1369740252388283,485.9773280487852,466.50008095414927,52.44698068621772,-62.39387814504168,1.0434892365545836
2025-10-17,474.9852351977165,475.448927528751,474.79854588969255,475.24835611994973,69008147,0.004777302667555,0.5,0.512894882962024,475.6969455278162,477.4796584341627,465.82008803000394,1.0448033288258216,484.2647405622056,467.1291504934268,53.635013677107544,-34.41481931828854,2.097058671479097
2025-10-20,477.14060062874256,477.8052444726324,476.4640116712549,477.7128422815174,49685684,-0.0006129359118405,0.5,0.1049066867292257,475.28741895062376,477.638863337413,466.45524186610044,1.1572804162760235,482.4725234489843,468.1023144522632,54.806424248700125,-4.514190094290144,4.450226644287638
2025-10-21,481.13928629830735,481.66365025934255,480.1096520625347,480.1958334755562,87876337,-0.0056876378766059,0.5,0.3121329212362491,475.1880103186363,477.9152160080786,467.0932172519914,1.4302884812811385,482.01757728810975,468.3584433491629,55.965948148992226,43.48294789739546,8.188340106919966
2025-10-22,498.17509969595915,498.5727790430784,496.72272241366096,498.15753289190786,91512535,0.0446885142766919,1.0,0.9711824888556768,476.3217805503956,478.3756109864065,468.00751135966675,3.0607262237572854,488.66219717578633,463.98136392500487,63.058643977539276,275.191057561436,22.01914348970965
2025-10-23,500.6605148216802,501.0487958638774,499.98322898533934,501.01108505768207,61217066,0.059688281132179,1.0,0.7580610514317785,477.6908073193372,478.830236706253,468.9495048242072,4.530888431528183,494.15890911380825,461.2227055248661,64.01133072335588,278.98330780792696,23.758922979751297
2025-10-24,506.68511250046737,507.80316577689047,504.7520862823897,506.576715260156,47536765,0.0659199737080189,1.0,1.0,479.1381220465678,479.59631583390933,469.95760749894845,6.075072759391901,500.0675268059635,458.2087172871721,65.79135119881904,290.0132118197716,28.274705847038067
2025-10-27,511.26874363073074,511.44299507773457,511.2276806207853,511.32617990327515,85658328,0.0703630604972291,1.0,1.0,480.76695089626435,480.67793735575765,471.0901427810587,7.5945468594838985,506.16296539938173,455.37093639314696,67.22251204024374,275.1820635144086,30.567301706885054
2025-10-28,514.5327660519398,514.8011918272721,513.0604047101577,514.6464872801353,58673436,0.0717429252878611,1.0,1.0,482.83440282747034,481.79220580721375,472.25943020986864,8.963338302901093,512.1065945788457,453.5622110760949,68.18509903169951,242.86626538405872,32.62279715836164
2025-10-29,513.5937876687191,513.9672856153461,513.1470425795987,513.27854907603,76693176,0.030353884435595,1.0,0.9573114258139584,484.78717465200714,482.88962841669735,473.38301633256833,9.82448367046004,516.7296100874777,452.84473921653665,67.3422239366559,198.8677599201838,32.62279715831702
2025-10-30,517.5286804508249,517.5876224378286,516.432551280287,517.1369452276647,48535078,0.0321866334916043,1.0,1.0,486.8388228138988,484.00215388677395,474.6185561121446,10.695002569726796,521.581306227374,452.09633940042363,68.47915767513949,186.7805131465425,34.847999887484235
2025-10-31,513.2648713522735,513.8534388619182,512.4019257462239,513.537303481111,46935774,0.0137404424863476,1.0,1.0,488.9009785546572,484.9172794830453,475.6603927926386,10.968001766638338,524.8824167275493,452.91954038176505,66.25312945623286,144.47796850793728,29.906769312356186
2025-11-03,512.2569850252698,514.3052227632113,511.58836264128456,512.5521218863331,58144439,0.0023975732736585,0.5,0.4325828057763921,490.8720395510119,485.8055710850776,476.6496804505374,10.978308568434159,527.5287202166121,454.21535888541166,65.64893021448717,125.76832881064175,28.920366746536086
2025-11-04,510.228427974025,511.744949347929,509.7731170305905,510.3688057802282,66220970,-0.0083118832162136,0.5,0.377319467291812,492.71340423486646,486.74506440724167,477.6847564480403,10.6871071019076,529.4044252547585,456.02238321497435,64.30449858646654,103.77155243010355,26.699790375172416
2025-11-05,509.749860871159,511.68547803978385,507.8234746217393,510.9259721801336,59205297,-0.0045834311605879,0.5,0.4395060627023743,494.82952806417734,487.9265258713554,478.68023818403657,10.381613732947244,530.5343049723807,459.12475115597397,64.49644256622219,92.36037257839769,24.320595109467387
2025-11-06,521.5980640283058,522.5681007073614,521.1262198273696,522.3895840570547,85587883,0.0101571525257735,1.0,0.9223646362917542,497.4320218154333,489.5518270172955,479.93335420915173,10.938434249066631,533.2085023943033,461.6555412365633,68.14256785127364,127.21937299374186,31.723886558464145
2025-11-07,514.1181191144315,514.3072974480996,510.9274250039283,513.4163435259804,44273445,-0.0002355426846514,0.5,0.5340832444750976,499.4534017055682,490.7446911109767,480.9788927554688,10.53422105837285,533.960758460852,464.94604495028426,62.91093844527636,84.17023304456416,20.313507623506283
2025-11-10,517.7708281508894,517.7899172564681,515.2830068879892,516.9205106005049,43184790,0.0085228185147199,0.5,0.5321147962099729,501.39913577457764,492.0170547006821,481.99773855403015,10.377016404277128,535.1956875759996,467.60258397315573,64.02666540248696,90.8736500083362,22.679485789953
2025-11-11,509.1378332259146,509.6186806364979,508.36352148514953,509.2646584795484,73134205,-0.0021634302257007,0.5,0.5006092040306829,502.71523688325317,493.2159616947999,482.9452743514733,9.524870521427545,535.5210915344857,469.9093822320207,59.950631110173966,58.75763144359986,15.62341693488401
2025-11-12,507.4521157696522,507.99992015321254,506.36265694779854,507.1597093078694,87480620,-0.0073714453312941,0.5,0.58738763394927,504.23082693201775,494.3138482522191,483.78635942512676,8.580773151979258,534.7241699743271,473.73748388970847,58.88440679158019,48.31049779501346,13.667748318514633
2025-11-13,512.7273592736403,513.5254755267717,512.1316707476996,512.5678224596858,52529971,-0.0188016030509065,0.0,0.2381292549572682,506.2196679166162,495.52930960121415,484.68540724845155,8.174725570909914,533.0473521202289,479.3919837130034,60.74020301651865,65.09271604046329,17.64707855961777
2025-11-14,514.6216852291236,514.8232576595685,512.0498908624686,513.042089784955,46681935,-0.0007289478524489,0.5,0.6899108270882648,508.1093545998665,496.887572971848,485.5303077836788,7.801271149342483,530.7488497087888,485.4698594909441,60.9003053949703,63.69459153166285,18.559148893231395
2025-11-17,508.57391621671496,509.56906596677794,507.9566911467295,508.00516637755953,49963441,-0.017247031294209,0.0,0.0,509.6239708046686,498.05004845245855,486.1494124227964,7.017969423030536,527.1845645984116,492.06337701092554,58.28874635778037,42.295091370408436,14.424370363836177
2025-11-18,504.6787899341612,505.1554812201246,504.6751536840234,504.7433554885112,46689142,-0.0088781008376586,0.5,0.0,510.8513469053163,499.0901098986377,486.7298428657067,6.0640931913459895,522.0194853800027,499.6832084306298,56.66101978911066,24.646809952562815,11.20782115766713
2025-11-19,507.6707722327757,509.8866934548043,506.4946364401966,508.1563361621259,66336263,0.0019651144126111,0.5,0.6868639822478547,511.3512870688272,500.40853791757803,487.4202693562793,5.519908354829113,520.9054112382054,501.79716289944906,57.9325913478538,35.815278158732504,14.780776288761686
2025-11-20,504.0107286690376,505.8607778194931,502.49527092193074,504.8216976275776,44990961,-0.0151123899954086,0.0,0.0,511.541817697322,501.5579375374328,488.1177774818662,4.764636723977844,520.3506152530028,502.7330201416412,56.26407116801929,14.501130470618037,10.879158740135146
2025-11-21,506.11885732409365,506.5972383196398,505.1279829481739,506.0159014889701,43646804,-0.0136951498441969,0.0,0.0,511.51377700876276,502.65884272962245,488.8920108073292,4.213865962550415,520.3924163712882,502.6351376462374,56.725803708704454,18.365248559249917,11.452526579596322
2025-11-24,506.0115683951781,506.6538844531173,505.7879475388607,506.3945803134061,40647296,-0.0031704127649686,0.5,0.2659773947881281,511.2671970292692,503.6051344327254,489.67570342927695,3.764537141585947,520.4369249575352,502.09746910100324,56.87515037339261,16.766258409668065,11.497832194611018
2025-11-25,502.7300359085387,504.435527756435,502.7030032709324,503.4460639405605,91880950,-0.0025702003480464,0.5,0.139603912483996,510.70717586229046,504.2885820205428,490.38309505691694,3.1343889000724516,520.3631161649981,501.0512355595828,55.33686521200329,-4.62874478378416,8.373905116835806
2025-11-26,513.5799070995048,515.6240040198959,513.3658646532111,513.9121887856553,43122951,0.0113269327053968,1.0,1.0,510.7388578477718,505.52405803564545,491.2423618242108,3.4398680272694264,520.4343987928653,501.0433169026783,59.37189278461892,67.11942078800445,17.08938817357604
2025-11-27,516.6045616028667,518.2130903416561,514.4950225096435,517.1638991855723,66844511,0.024448635262702,1.0,1.0,510.7402055456672,507.00315458290726,492.09289111637986,3.8993984519639184,520.439497872336,501.04091321899847,60.518308835340925,85.91895598340614,18.93526656954555
2025-11-28,508.3789965075007,510.2507200963424,507.27183749079984,507.522733772607,40800101,0.0029778358332279,0.5,0.3846979198546561,510.439477060242,508.07896717132917,492.77931280274595,3.4458960058673256,520.1465759882635,500.73237813222045,55.69778205022121,3.543925744612396,11.754614290174045
2025-12-01,509.0275011486751,510.330180880485,507.885431684964,508.5791175790631,77655044,0.0043139033287145,0.5,0.0,510.2408268448785,509.10784301458074,493.3733531759969,3.135588284729863,519.9284786343213,500.55317505543564,56.09419254478928,-1.85856250250268,11.815203365960572
2025-12-02,505.56518761171185,506.2009964136023,504.55241919527555,505.5692183337503,83902446,0.0042172430082609,0.5,0.3907511103495034,510.0008474725545,509.9536225098538,493.9344192589662,2.6166305772640612,519.9103971692613,500.0912977758477,54.65278933135437,-70.7977700143295,8.58030434521211
2025-12-03,510.57421690020686,510.60085973526583,509.53309126439825,509.81971220523815,62655061,-0.0079633771483168,0.5,0.5783608010805092,509.94553447380974,510.34236182029815,494.35898640335233,2.519291365125923,519.8456870070687,500.0453819405507,56.29347198412124,-5.590069783779287,12.054844175684439
2025-12-04,506.21595475450187,506.7400492650699,504.3568983117522,506.1767927126792,62791342,-0.0212449215619953,0.0,0.0,509.13489490659094,510.51455207546474,494.67239439085887,2.123715312162517,517.2364627878104,501.0333270253714,54.54381484405978,-86.25695947988423,7.100964720376649
2025-12-05,505.35322919081136,506.5230034103427,504.705525172121,505.7888571426762,62015777,-0.0034163526371366,0.5,0.5366719839558312,508.75352058742584,510.4882901382154,495.04230298606234,1.758642743006817,516.7235222270906,500.7835189477611,54.35769647090593,-86.86770579249108,7.100964720365246
2025-12-08,509.1437589274152,509.3339411924323,507.78870928238473,508.369449179222,63116992,-0.0004122630925925,0.5,0.4969380301654009,508.32596751636163,510.3897324474136,495.5338349015857,1.6584349069196946,515.3073887492681,501.3445462834552,55.404859456234725,-33.564592175457555,9.427963841332655
2025-12-09,512.9843245440634,513.7593237507142,512.1208854726225,512.7080210420462,82907958,0.0141203270480427,1.0,1.0,508.4981356444865,510.325116906144,496.05866135667895,1.9071218516702402,515.7419288735289,501.2543424154441,57.11602664717944,46.74156819548724,12.978032536169188
2025-12-10,506.56085485136936,507.707013961206,505.14313747897353,507.0868287143629,82439798,-0.0053604900427527,0.5,0.5239160736828307,508.49449161481124,510.1187262274218,496.50417732205955,1.631814265415528,515.7411925448206,501.24779068480194,54.32227520039321,-63.401001349167565,6.1889708477404
2025-12-11,505.5508428140611,507.06963518424914,504.6159441386795,505.64708701217984,70555353,-0.0010464835767372,0.5,0.3053862118236888,508.14845484243597,509.7357309535723,496.8689424201731,1.2826700746952042,515.235367362899,501.06154232197304,53.627259243248695,-75.51777142985488,5.692563648449388
2025-12-12,503.101840890061,504.4725269343545,503.0418405923014,503.5427521151727,88846793,-0.0044407957901491,0.5,0.7393143003328982,507.6734879589468,509.4025792413743,497.1599293622099,0.826639562264802,514.6519288487361,500.6950470691575,52.6095242004144,-108.9996770045292,4.1881624291406965
2025-12-15,499.9104293501037,501.9559764023079,499.2636084654934,500.6026625772355,48121757,-0.0152778390096536,0.0,0.0,507.3033627689306,509.0042639310711,497.40491750807433,0.22539324822020035,514.9600108582563,499.6467146796049,51.20499613874919,-156.61443586445034,0.631585904139147
2025-12-16,509.6569648770961,510.6516860775304,508.4743186300391,509.18536882096254,94974577,-0.0068706789761628,0.5,0.4945390920980136,507.5254634355532,508.96481603242887,497.85494021983527,0.4364230643718088,515.1269448730202,499.9239819980863,54.84544210622209,9.385804656003955,8.100644977239206
2025-12-17,512.2761865337435,513.3556977368212,510.89752391460473,511.2999019926081,81971665,0.0083083863347954,0.5,0.3133464081853607,507.68264172707734,508.9772803595114,498.45190311543337,0.7654670415520854,515.4668532231906,499.89843023096404,55.68802730963438,53.03536832011209,10.270250492979505
2025-12-18,504.69787895678246,506.3643829743021,503.7942747179735,505.40472161208424,76387984,-0.0004793173071118,0.5,0.4113435497616979,507.71179292630256,508.41111827801234,498.98147264765396,0.5442709586566252,515.4551524445718,499.9684334080334,52.844124232708886,-68.34067175122965,3.6222207148960526
2025-12-19,510.2561163379945,512.942494436238,509.32118358657306,509.9690194683685,51820569,0.0127621087309901,1.0,0.8230394571946198,507.9094488252725,508.2962074760919,499.52044929353434,0.7288701989560309,515.6723273716229,500.14657027892196,54.697138357424315,51.23937379858608,8.884733668982552
