Turn,y_true,moef_prediction
0,0.5,0.4197903368202255
1,0.5,0.5058710864567292
2,0.5,0.4383992905068357
3,0.5,0.6257506930401785
4,0.5,0.5652558412863102
5,1.0,0.7583344981011272
6,1.0,0.8411586855676323
7,1.0,0.806536199600345
8,1.0,0.8316638865158209
9,1.0,0.7522326957505351
10,1.0,0.8421689695993828
11,0.5,0.4010176892200169
12,0.5,0.5035228451244266
13,0.0,0.1553624034969636
14,0.0,0.3459766650558194
15,0.0,0.244025089277092
16,0.0,0.1901184082768444
17,0.0,0.2424133203000617
18,0.0,0.2809674033182077
19,0.0,0.1553624034969636
20,0.0,0.2051608429795271
21,0.5,0.53484107281572
22,0.5,0.5293924012513241
23,0.0,0.2631847817459656
24,0.5,0.5210636665242737
25,0.0,0.1795896377250516
26,0.0,0.1685670632271912
27,0.0,0.2116707686718208
28,0.0,0.1637988509427708
29,0.0,0.1558432370059502
30,0.0,0.2846952009004077
31,0.5,0.5151726571344699
32,0.5,0.4918827227048662
33,0.5,0.4604418049148552
34,1.0,0.795571309553392
35,0.5,0.4301485063447612
36,0.0,0.3105216700861503
37,0.0,0.3035352690993879
38,0.0,0.163553457099824
39,0.0,0.3406144250610251
40,0.0,0.2454752255340644
41,0.0,0.2360254909886212
42,0.5,0.5250002011694888
43,0.5,0.5203700890677578
44,0.5,0.5178825486450118
45,0.0,0.2151625878145018
46,0.0,0.3134961520093144
47,0.0,0.3656386259363222
48,0.0,0.2538589601419752
49,0.0,0.2664014414141202
50,0.5,0.3508427121888222
51,0.5,0.4841699590907816
52,0.0,0.3019153665307303
53,0.0,0.232530763985248
54,1.0,0.8360719458619552
55,1.0,0.8295842610094525
56,1.0,0.7656817668731098
57,1.0,0.829032444553562
58,1.0,0.6624969721238391
59,1.0,0.8276262382347839
60,0.5,0.6243729815733184
61,0.5,0.3765721742806953
62,0.5,0.5409250930798544
63,0.0,0.2913968874516291
64,0.0,0.2035128946875957
65,0.5,0.511619867614115
66,0.5,0.5819687907594729
67,1.0,0.7979594071497266
68,1.0,0.8002940774407767
69,1.0,0.7644248866660638
70,1.0,0.8336961006028728
71,1.0,0.7192929848206716
72,1.0,0.8178785711399482
73,1.0,0.7714545802160713
74,0.5,0.4362860054596065
75,1.0,0.8833043611730411
76,0.5,0.4571199727478786
77,0.5,0.4528542259274335
78,0.0,0.1555663487943536
79,0.0,0.2426240482275864
80,0.0,0.2121322484441848
81,0.0,0.2979304974353943
82,0.5,0.5382308969845774
83,0.5,0.4117106480721898
84,0.5,0.4560818826811493
85,0.5,0.4605626326751262
86,0.5,0.5005757197405997
87,0.5,0.3876615090770546
88,0.5,0.4608983228198908
89,0.5,0.4537911740692706
90,1.0,0.677786982985941
91,1.0,0.819737321012508
92,0.5,0.4473061732830454
93,0.5,0.5226082685863972
94,0.5,0.3821996867600037
95,0.0,0.200072049944964
96,0.0,0.1872072748038332
97,0.0,0.2598004208127128
98,0.0,0.2165609347643768
99,0.5,0.5228070860515209
100,0.5,0.5407937575792601
101,0.0,0.2711879345639738
102,0.0,0.2332954081102324
103,0.0,0.1700602184461936
104,0.0,0.2064816130844917
105,0.0,0.1429704286808482
106,1.0,0.8222073151735421
107,1.0,0.7854792571392191
108,1.0,0.8146464304917787
109,1.0,0.765183647993673
110,0.5,0.4673082067709528
111,0.0,0.3170861372926796
112,0.0,0.199047860690784
113,0.5,0.5391529616111671
114,0.5,0.5200069847639368
115,1.0,0.8418387156756438
116,1.0,0.7609329839378747
117,1.0,0.8446375965030364
118,0.5,0.5687739548063112
119,1.0,0.7259095137778091
120,1.0,0.8406111120721352
121,0.5,0.486159750410409
122,1.0,0.8552348184123179
123,0.5,0.515973019702578
124,0.5,0.5697432511767294
125,1.0,0.8077793555783137
126,1.0,0.7623400899157112
127,0.5,0.6205775018085382
128,1.0,0.8027835208807507
129,0.5,0.6036617298767258
130,0.0,0.1654660954946705
131,0.0,0.1887513521562711
132,0.0,0.1683223657446912
133,0.0,0.2873649399726605
134,0.0,0.2009610104732659
135,0.5,0.5044831583954942
136,0.5,0.551587940722213
137,0.5,0.4560204854997994
138,0.5,0.4494455544272158
139,0.5,0.4786029181800261
140,0.0,0.1903913159144614
141,0.5,0.524816122024725
142,0.5,0.4602484752271074
143,0.5,0.5004336956298524
144,0.5,0.5564680734690801
145,1.0,0.8665070920603071
146,0.0,0.2228059510207002
147,0.0,0.1553624034969636
148,0.5,0.4153902309315978
149,0.5,0.5291677445109445
150,0.0,0.1896384303868765
151,0.5,0.4878455116925453
152,0.5,0.4545219846354616
153,0.5,0.4476702855682498
154,0.5,0.5615324184986903
155,0.5,0.4103235516550468
156,1.0,0.7399581806882032
157,1.0,0.8010204902161856
158,0.5,0.4926521897081202
159,1.0,0.8331910434781237
160,0.5,0.5505303767842432
161,0.5,0.4963690069203104
162,0.5,0.453174759688045
163,0.5,0.4164655725542027
164,1.0,0.8215387634026081
165,1.0,0.8188271327835858
166,1.0,0.7929390817160494
167,1.0,0.7608370590820399
168,1.0,0.6147686818883769
169,1.0,0.8283725449404843
170,0.5,0.4929678076928022
171,0.5,0.4265489761923421
172,0.0,0.1857903166747057
173,0.0,0.1751179922820417
174,0.5,0.5213113854878844
175,0.5,0.5881799777727136
176,1.0,0.8331171225139737
177,1.0,0.815487535675199
178,1.0,0.8331086238044233
179,1.0,0.804499779372859
180,1.0,0.8446375965030364
181,1.0,0.8423167911868863
182,1.0,0.7783411590250429
183,1.0,0.8446375965030364
184,0.5,0.579711449797466
185,0.5,0.433529159571078
186,0.5,0.4185167634703705
187,1.0,0.7587501138298467
188,0.5,0.493572439347333
189,0.0,0.2048964963814219
190,0.0,0.2031133627273921
191,0.0,0.2263991620432185
192,0.0,0.1553624034969636
193,0.0,0.259967208737858
194,0.5,0.4180241686508828
195,0.5,0.4415298309493926
196,0.0,0.2269987577121781
197,0.0,0.161454238464494
198,0.5,0.550422802227281
199,0.0,0.1887708188902294
200,0.0,0.1553624034969636
201,0.5,0.5095345936865118
202,1.0,0.7908843825291112
203,1.0,0.8446375965030364
204,1.0,0.8262670772956406
205,0.5,0.4342960470725069
206,0.5,0.507566909876627
207,0.5,0.4611842012548015
208,0.5,0.3682033765808955
209,1.0,0.8145440934528794
210,1.0,0.68087366643074
211,1.0,0.8407168607802661
212,1.0,0.7661031607831619
213,1.0,0.8446375965030364
214,1.0,0.7818273981458639
215,1.0,0.7648242599605697
216,1.0,0.7919781252684881
217,0.5,0.5436489279956547
218,0.5,0.4716730692478998
219,0.5,0.4410322992201198
220,1.0,0.8293723070946086
221,0.5,0.5206713342914365
222,0.5,0.5005060570508735
223,0.5,0.4076853002205173
224,0.5,0.5896202381648302
225,0.0,0.2422878453315735
226,0.5,0.3862509788786468
227,0.0,0.1559892566885308
228,0.5,0.3815545246601464
229,0.5,0.4696564751846072
230,0.0,0.1922475243981413
231,0.0,0.1794468489210134
232,0.5,0.4488987307232046
233,0.5,0.4312243326703888
234,1.0,0.8438079718969282
235,1.0,0.8278170613410025
236,0.5,0.5481933191504067
237,0.5,0.4824919706182856
238,0.5,0.4712818438803441
239,0.5,0.549749048064763
240,0.0,0.1820337174997092
241,0.5,0.5064207755735699
242,0.5,0.4159845459852734
243,1.0,0.8446375965030364
244,0.5,0.4517601441454113
245,0.5,0.5816832621403574
246,0.5,0.5650262192008341
247,0.0,0.2060697642905604
248,0.5,0.3881767153426057
249,0.5,0.5562139802814663
250,0.5,0.5147931852318379
251,1.0,0.757058242528235
